,name,type,displayName,pipLocation,marginRate
0,NZD_CAD,CURRENCY,NZD/CAD,-4,0.05
1,EUR_SGD,CURRENCY,EUR/SGD,-4,0.05
2,EU50_EUR,CFD,Europe 50,0,0.05
3,XAU_CAD,METAL,Gold/CAD,-2,0.2
4,EUR_AUD,CURRENCY,EUR/AUD,-4,0.05
5,AU200_AUD,CFD,Australia 200,0,0.05
6,TRY_JPY,CURRENCY,TRY/JPY,-2,0.25
7,USD_SGD,CURRENCY,USD/SGD,-4,0.05
8,EUR_SEK,CURRENCY,EUR/SEK,-4,0.05
9,AUD_CHF,CURRENCY,AUD/CHF,-4,0.05
10,SOYBN_USD,CFD,Soybeans,-2,0.2
11,HKD_JPY,CURRENCY,HKD/JPY,-4,0.1
12,XAU_SGD,METAL,Gold/SGD,-2,0.2
13,CORN_USD,CFD,Corn,-2,0.2
14,GBP_AUD,CURRENCY,GBP/AUD,-4,0.05
15,USD_PLN,CURRENCY,USD/PLN,-4,0.05
16,XAU_XAG,METAL,Gold/Silver,-2,0.2
17,NAS100_USD,CFD,US Nas 100,0,0.05
18,CAD_HKD,CURRENCY,CAD/HKD,-4,0.1
19,CH20_CHF,CFD,Switzerland 20,0,0.2
20,BCH_USD,CFD,Bitcoin Cash,-1,0.5
21,XAG_CHF,METAL,Silver/CHF,-4,0.2
22,USD_CHF,CURRENCY,USD/CHF,-4,0.05
23,XAG_HKD,METAL,Silver/HKD,-4,0.2
24,AUD_HKD,CURRENCY,AUD/HKD,-4,0.1
25,NZD_CHF,CURRENCY,NZD/CHF,-4,0.05
26,ESPIX_EUR,CFD,Spain 35,0,0.05
27,GBP_CHF,CURRENCY,GBP/CHF,-4,0.05
28,USD_THB,CURRENCY,USD/THB,-2,0.05
29,XAU_JPY,METAL,Gold/JPY,1,0.2
30,XAU_HKD,METAL,Gold/HKD,-2,0.2
31,GBP_CAD,CURRENCY,GBP/CAD,-4,0.05
32,EUR_HKD,CURRENCY,EUR/HKD,-4,0.1
33,CHF_JPY,CURRENCY,CHF/JPY,-2,0.05
34,GBP_HKD,CURRENCY,GBP/HKD,-4,0.1
35,EUR_NZD,CURRENCY,EUR/NZD,-4,0.05
36,XAG_AUD,METAL,Silver/AUD,-4,0.2
37,WTICO_USD,CFD,West Texas Oil,-2,0.2
38,XAG_NZD,METAL,Silver/NZD,-4,0.2
39,AUD_SGD,CURRENCY,AUD/SGD,-4,0.05
40,TWIX_USD,CFD,Taiwan Index,0,0.2
41,EUR_JPY,CURRENCY,EUR/JPY,-2,0.05
42,BTC_USD,CFD,Bitcoin,0,0.5
43,EUR_TRY,CURRENCY,EUR/TRY,-4,0.25
44,USD_JPY,CURRENCY,USD/JPY,-2,0.05
45,SGD_JPY,CURRENCY,SGD/JPY,-2,0.05
46,GBP_ZAR,CURRENCY,GBP/ZAR,-4,0.05
47,XAG_JPY,METAL,Silver/JPY,0,0.2
48,ETH_USD,CFD,Ether,-1,0.5
49,ZAR_JPY,CURRENCY,ZAR/JPY,-2,0.05
50,EUR_HUF,CURRENCY,EUR/HUF,-2,0.05
51,NZD_JPY,CURRENCY,NZD/JPY,-2,0.05
52,CN50_USD,CFD,China A50,0,0.2
53,CHF_ZAR,CURRENCY,CHF/ZAR,-4,0.05
54,AUD_JPY,CURRENCY,AUD/JPY,-2,0.05
55,EUR_CHF,CURRENCY,EUR/CHF,-4,0.05
56,EUR_ZAR,CURRENCY,EUR/ZAR,-4,0.05
57,CHINAH_HKD,CFD,China H Shares,0,0.05
58,NL25_EUR,CFD,Netherlands 25,-2,0.2
59,USD_HKD,CURRENCY,USD/HKD,-4,0.1
60,DE30_EUR,CFD,Germany 30,0,0.05
61,NZD_HKD,CURRENCY,NZD/HKD,-4,0.1
62,CAD_JPY,CURRENCY,CAD/JPY,-2,0.05
63,XAU_EUR,METAL,Gold/EUR,-2,0.2
64,XPT_USD,CFD,Platinum,-2,0.2
65,SG30_SGD,CFD,Singapore 30,-1,0.05
66,EUR_USD,CURRENCY,EUR/USD,-4,0.05
67,XAG_CAD,METAL,Silver/CAD,-4,0.2
68,JP225_USD,CFD,Japan 225,0,0.05
69,EUR_CAD,CURRENCY,EUR/CAD,-4,0.05
70,USD_HUF,CURRENCY,USD/HUF,-2,0.05
71,UK10YB_GBP,CFD,UK 10Y Gilt,-2,0.2
72,USD_MXN,CURRENCY,USD/MXN,-4,0.05
73,GBP_USD,CURRENCY,GBP/USD,-4,0.05
74,XAU_CHF,METAL,Gold/CHF,-2,0.2
75,USD_DKK,CURRENCY,USD/DKK,-4,0.05
76,XAU_NZD,METAL,Gold/NZD,-2,0.2
77,USD_ZAR,CURRENCY,USD/ZAR,-4,0.05
78,XAU_GBP,METAL,Gold/GBP,-2,0.2
79,USD_CZK,CURRENCY,USD/CZK,-4,0.05
80,XAG_SGD,METAL,Silver/SGD,-4,0.2
81,CAD_CHF,CURRENCY,CAD/CHF,-4,0.05
82,BCO_USD,CFD,Brent Crude Oil,-2,0.2
83,EUR_DKK,CURRENCY,EUR/DKK,-4,0.1
84,USD_SEK,CURRENCY,USD/SEK,-4,0.05
85,GBP_SGD,CURRENCY,GBP/SGD,-4,0.05
86,EUR_CZK,CURRENCY,EUR/CZK,-4,0.05
87,WHEAT_USD,CFD,Wheat,-2,0.2
88,XAU_AUD,METAL,Gold/AUD,-2,0.2
89,CAD_SGD,CURRENCY,CAD/SGD,-4,0.05
90,AUD_NZD,CURRENCY,AUD/NZD,-4,0.05
91,FR40_EUR,CFD,France 40,0,0.05
92,CHF_HKD,CURRENCY,CHF/HKD,-4,0.1
93,EUR_GBP,CURRENCY,EUR/GBP,-4,0.05
94,US30_USD,CFD,US Wall St 30,0,0.05
95,EUR_NOK,CURRENCY,EUR/NOK,-4,0.05
96,XAU_USD,METAL,Gold,-2,0.2
97,NATGAS_USD,CFD,Natural Gas,-2,0.2
98,XPD_USD,CFD,Palladium,-2,0.2
99,UK100_GBP,CFD,UK 100,0,0.05
100,GBP_PLN,CURRENCY,GBP/PLN,-4,0.05
101,JP225Y_JPY,CFD,Japan 225 (JPY),0,0.05
102,AUD_CAD,CURRENCY,AUD/CAD,-4,0.05
103,EUR_PLN,CURRENCY,EUR/PLN,-4,0.05
104,SUGAR_USD,CFD,Sugar,-4,0.2
105,GBP_NZD,CURRENCY,GBP/NZD,-4,0.05
106,DE10YB_EUR,CFD,Bund,-2,0.2
107,USB02Y_USD,CFD,US 2Y T-Note,-2,0.2
108,AUD_USD,CURRENCY,AUD/USD,-4,0.05
109,USD_CAD,CURRENCY,USD/CAD,-4,0.05
110,US2000_USD,CFD,US Russ 2000,-2,0.05
111,USB10Y_USD,CFD,US 10Y T-Note,-2,0.2
112,NZD_USD,CURRENCY,NZD/USD,-4,0.05
113,XAG_EUR,METAL,Silver/EUR,-4,0.2
114,HK33_HKD,CFD,Hong Kong 33,0,0.05
115,XAG_GBP,METAL,Silver/GBP,-4,0.2
116,LTC_USD,CFD,Litecoin,-1,0.5
117,NZD_SGD,CURRENCY,NZD/SGD,-4,0.05
118,SPX500_USD,CFD,US SPX 500,0,0.05
119,USD_NOK,CURRENCY,USD/NOK,-4,0.05
120,USD_CNH,CURRENCY,USD/CNH,-4,0.05
121,USB30Y_USD,CFD,US T-Bond,-2,0.2
122,XAG_USD,METAL,Silver,-4,0.2
123,USB05Y_USD,CFD,US 5Y T-Note,-2,0.2
124,XCU_USD,CFD,Copper,-4,0.2
125,SGD_CHF,CURRENCY,SGD/CHF,-4,0.05
126,USD_TRY,CURRENCY,USD/TRY,-4,0.25
127,GBP_JPY,CURRENCY,GBP/JPY,-2,0.05
